Image ID,Monument Name,Latitude,Longitude
1,Taj Mahal Agra,27.1750123,78.04209684
2,Taj Mahal Agra,27.1750123,78.04209684
3,Taj Mahal Agra,27.1750123,78.04209684
4,Taj Mahal Agra,27.1750123,78.04209684
5,Taj Mahal Agra,27.1750123,78.04209684
6,Taj Mahal Agra,27.1750123,78.04209684
7,Taj Mahal Agra,27.1750123,78.04209684
8,Taj Mahal Agra,27.1750123,78.04209684
9,Taj Mahal Agra,27.1750123,78.04209684
10,Taj Mahal Agra,27.1750123,78.04209684
11,Taj Mahal Agra,27.1750123,78.04209684
12,Taj Mahal Agra,27.1750123,78.04209684
13,Taj Mahal Agra,27.1750123,78.04209684
14,Taj Mahal Agra,27.1750123,78.04209684
15,Taj Mahal Agra,27.1750123,78.04209684
16,Taj Mahal Agra,27.1750123,78.04209684
17,Taj Mahal Agra,27.1750123,78.04209684
18,Taj Mahal Agra,27.1750123,78.04209684
19,Taj Mahal Agra,27.1750123,78.04209684
20,Taj Mahal Agra,27.1750123,78.04209684
21,Gateway of India Mumbai,18.9225901,72.83433537
22,Gateway of India Mumbai,18.9225901,72.83433537
23,Gateway of India Mumbai,18.9225901,72.83433537
24,Gateway of India Mumbai,18.9225901,72.83433537
25,Gateway of India Mumbai,18.9225901,72.83433537
26,Gateway of India Mumbai,18.9225901,72.83433537
27,Gateway of India Mumbai,18.9225901,72.83433537
28,Gateway of India Mumbai,18.9225901,72.83433537
29,Gateway of India Mumbai,18.9225901,72.83433537
30,Gateway of India Mumbai,18.9225901,72.83433537
31,Gateway of India Mumbai,18.9225901,72.83433537
32,Gateway of India Mumbai,18.9225901,72.83433537
33,Gateway of India Mumbai,18.9225901,72.83433537
34,Gateway of India Mumbai,18.9225901,72.83433537
35,Gateway of India Mumbai,18.9225901,72.83433537
36,Gateway of India Mumbai,18.9225901,72.83433537
37,Gateway of India Mumbai,18.9225901,72.83433537
38,Gateway of India Mumbai,18.9225901,72.83433537
39,Gateway of India Mumbai,18.9225901,72.83433537
40,Gateway of India Mumbai,18.9225901,72.83433537
41, India Gate New Delhi,28.6129332,77.22949282
42, India Gate New Delhi,28.6129332,77.22949282
43, India Gate New Delhi,28.6129332,77.22949282
44, India Gate New Delhi,28.6129332,77.22949282
45, India Gate New Delhi,28.6129332,77.22949282
46, India Gate New Delhi,28.6129332,77.22949282
47, India Gate New Delhi,28.6129332,77.22949282
48, India Gate New Delhi,28.6129332,77.22949282
49, India Gate New Delhi,28.6129332,77.22949282
50, India Gate New Delhi,28.6129332,77.22949282
51, India Gate New Delhi,28.6129332,77.22949282
52, India Gate New Delhi,28.6129332,77.22949282
53, India Gate New Delhi,28.6129332,77.22949282
54, India Gate New Delhi,28.6129332,77.22949282
55, India Gate New Delhi,28.6129332,77.22949282
56, India Gate New Delhi,28.6129332,77.22949282
57, India Gate New Delhi,28.6129332,77.22949282
58, India Gate New Delhi,28.6129332,77.22949282
59, India Gate New Delhi,28.6129332,77.22949282
60, India Gate New Delhi,28.6129332,77.22949282
61,Golden Temple Amritsar,31.61997865,74.87652808
62,Golden Temple Amritsar,31.61997865,74.87652808
63,Golden Temple Amritsar,31.61997865,74.87652808
64,Golden Temple Amritsar,31.61997865,74.87652808
65,Golden Temple Amritsar,31.61997865,74.87652808
66,Golden Temple Amritsar,31.61997865,74.87652808
67,Golden Temple Amritsar,31.61997865,74.87652808
68,Golden Temple Amritsar,31.61997865,74.87652808
69,Golden Temple Amritsar,31.61997865,74.87652808
70,Golden Temple Amritsar,31.61997865,74.87652808
71,Golden Temple Amritsar,31.61997865,74.87652808
72,Golden Temple Amritsar,31.61997865,74.87652808
73,Golden Temple Amritsar,31.61997865,74.87652808
74,Golden Temple Amritsar,31.61997865,74.87652808
75,Golden Temple Amritsar,31.61997865,74.87652808
76,Golden Temple Amritsar,31.61997865,74.87652808
77,Golden Temple Amritsar,31.61997865,74.87652808
78,Golden Temple Amritsar,31.61997865,74.87652808
79,Golden Temple Amritsar,31.61997865,74.87652808
80,Golden Temple Amritsar,31.61997865,74.87652808
81, Hawa Mahal Jaipur ,26.923932,75.8268652
82, Hawa Mahal Jaipur ,26.923932,75.8268652
83, Hawa Mahal Jaipur ,26.923932,75.8268652
84, Hawa Mahal Jaipur ,26.923932,75.8268652
85, Hawa Mahal Jaipur ,26.923932,75.8268652
86, Hawa Mahal Jaipur ,26.923932,75.8268652
87, Hawa Mahal Jaipur ,26.923932,75.8268652
88, Hawa Mahal Jaipur ,26.923932,75.8268652
89, Hawa Mahal Jaipur ,26.923932,75.8268652
90, Hawa Mahal Jaipur ,26.923932,75.8268652
91, Hawa Mahal Jaipur ,26.923932,75.8268652
92, Hawa Mahal Jaipur ,26.923932,75.8268652
93, Hawa Mahal Jaipur ,26.923932,75.8268652
94, Hawa Mahal Jaipur ,26.923932,75.8268652
95, Hawa Mahal Jaipur ,26.923932,75.8268652
96, Hawa Mahal Jaipur ,26.923932,75.8268652
97, Hawa Mahal Jaipur ,26.923932,75.8268652
98, Hawa Mahal Jaipur ,26.923932,75.8268652
99, Hawa Mahal Jaipur ,26.923932,75.8268652
100, Hawa Mahal Jaipur ,26.923932,75.8268652
101,Charminar Hyderabad,17.3616024,78.47464214
102,Charminar Hyderabad,17.3616024,78.47464214
103,Charminar Hyderabad,17.3616024,78.47464214
104,Charminar Hyderabad,17.3616024,78.47464214
105,Charminar Hyderabad,17.3616024,78.47464214
106,Charminar Hyderabad,17.3616024,78.47464214
107,Charminar Hyderabad,17.3616024,78.47464214
108,Charminar Hyderabad,17.3616024,78.47464214
109,Charminar Hyderabad,17.3616024,78.47464214
110,Charminar Hyderabad,17.3616024,78.47464214
111,Charminar Hyderabad,17.3616024,78.47464214
112,Charminar Hyderabad,17.3616024,78.47464214
113,Charminar Hyderabad,17.3616024,78.47464214
114,Charminar Hyderabad,17.3616024,78.47464214
115,Charminar Hyderabad,17.3616024,78.47464214
116,Charminar Hyderabad,17.3616024,78.47464214
117,Charminar Hyderabad,17.3616024,78.47464214
118,Charminar Hyderabad,17.3616024,78.47464214
119,Charminar Hyderabad,17.3616024,78.47464214
120,Charminar Hyderabad,17.3616024,78.47464214
121, Meenakshi Temple,12.8749691,77.5950421
122, Meenakshi Temple,12.8749691,77.5950421
123, Meenakshi Temple,12.8749691,77.5950421
124, Meenakshi Temple,12.8749691,77.5950421
125, Meenakshi Temple,12.8749691,77.5950421
126, Meenakshi Temple,12.8749691,77.5950421
127, Meenakshi Temple,12.8749691,77.5950421
128, Meenakshi Temple,12.8749691,77.5950421
129, Meenakshi Temple,12.8749691,77.5950421
130, Meenakshi Temple,12.8749691,77.5950421
131, Meenakshi Temple,12.8749691,77.5950421
132, Meenakshi Temple,12.8749691,77.5950421
133, Meenakshi Temple,12.8749691,77.5950421
134, Meenakshi Temple,12.8749691,77.5950421
135, Meenakshi Temple,12.8749691,77.5950421
136, Meenakshi Temple,12.8749691,77.5950421
137, Meenakshi Temple,12.8749691,77.5950421
138, Meenakshi Temple,12.8749691,77.5950421
139, Meenakshi Temple,12.8749691,77.5950421
140, Meenakshi Temple,12.8749691,77.5950421
141,Agra Fort,27.1798258,78.02082227
142,Agra Fort,27.1798258,78.02082227
143,Agra Fort,27.1798258,78.02082227
144,Agra Fort,27.1798258,78.02082227
145,Agra Fort,27.1798258,78.02082227
146,Agra Fort,27.1798258,78.02082227
147,Agra Fort,27.1798258,78.02082227
148,Agra Fort,27.1798258,78.02082227
149,Agra Fort,27.1798258,78.02082227
150,Agra Fort,27.1798258,78.02082227
151,Agra Fort,27.1798258,78.02082227
152,Agra Fort,27.1798258,78.02082227
153,Agra Fort,27.1798258,78.02082227
154,Agra Fort,27.1798258,78.02082227
155,Agra Fort,27.1798258,78.02082227
156,Agra Fort,27.1798258,78.02082227
157,Agra Fort,27.1798258,78.02082227
158,Agra Fort,27.1798258,78.02082227
159,Agra Fort,27.1798258,78.02082227
160,Agra Fort,27.1798258,78.02082227
161,City Palace Udaipur,24.5764662,73.6835836
162,City Palace Udaipur,24.5764662,73.6835836
163,City Palace Udaipur,24.5764662,73.6835836
164,City Palace Udaipur,24.5764662,73.6835836
165,City Palace Udaipur,24.5764662,73.6835836
166,City Palace Udaipur,24.5764662,73.6835836
167,City Palace Udaipur,24.5764662,73.6835836
168,City Palace Udaipur,24.5764662,73.6835836
169,City Palace Udaipur,24.5764662,73.6835836
170,City Palace Udaipur,24.5764662,73.6835836
171,City Palace Udaipur,24.5764662,73.6835836
172,City Palace Udaipur,24.5764662,73.6835836
173,City Palace Udaipur,24.5764662,73.6835836
174,City Palace Udaipur,24.5764662,73.6835836
175,City Palace Udaipur,24.5764662,73.6835836
176,City Palace Udaipur,24.5764662,73.6835836
177,City Palace Udaipur,24.5764662,73.6835836
178,City Palace Udaipur,24.5764662,73.6835836
179,City Palace Udaipur,24.5764662,73.6835836
180,City Palace Udaipur,24.5764662,73.6835836
181,Victoria Memorial Kolkata,22.5449558,88.34255445
182,Victoria Memorial Kolkata,22.5449558,88.34255445
183,Victoria Memorial Kolkata,22.5449558,88.34255445
184,Victoria Memorial Kolkata,22.5449558,88.34255445
185,Victoria Memorial Kolkata,22.5449558,88.34255445
186,Victoria Memorial Kolkata,22.5449558,88.34255445
187,Victoria Memorial Kolkata,22.5449558,88.34255445
188,Victoria Memorial Kolkata,22.5449558,88.34255445
189,Victoria Memorial Kolkata,22.5449558,88.34255445
190,Victoria Memorial Kolkata,22.5449558,88.34255445
191,Victoria Memorial Kolkata,22.5449558,88.34255445
192,Victoria Memorial Kolkata,22.5449558,88.34255445
193,Victoria Memorial Kolkata,22.5449558,88.34255445
194,Victoria Memorial Kolkata,22.5449558,88.34255445
195,Victoria Memorial Kolkata,22.5449558,88.34255445
196,Victoria Memorial Kolkata,22.5449558,88.34255445
197,Victoria Memorial Kolkata,22.5449558,88.34255445
198,Victoria Memorial Kolkata,22.5449558,88.34255445
199,Victoria Memorial Kolkata,22.5449558,88.34255445
200,Victoria Memorial Kolkata,22.5449558,88.34255445
201,Khajuraho Temples,24.85326945,79.92090086
202,Khajuraho Temples,24.85326945,79.92090086
203,Khajuraho Temples,24.85326945,79.92090086
204,Khajuraho Temples,24.85326945,79.92090086
205,Khajuraho Temples,24.85326945,79.92090086
206,Khajuraho Temples,24.85326945,79.92090086
207,Khajuraho Temples,24.85326945,79.92090086
208,Khajuraho Temples,24.85326945,79.92090086
209,Khajuraho Temples,24.85326945,79.92090086
210,Khajuraho Temples,24.85326945,79.92090086
211,Khajuraho Temples,24.85326945,79.92090086
212,Khajuraho Temples,24.85326945,79.92090086
213,Khajuraho Temples,24.85326945,79.92090086
214,Khajuraho Temples,24.85326945,79.92090086
215,Khajuraho Temples,24.85326945,79.92090086
216,Khajuraho Temples,24.85326945,79.92090086
217,Khajuraho Temples,24.85326945,79.92090086
218,Khajuraho Temples,24.85326945,79.92090086
219,Khajuraho Temples,24.85326945,79.92090086
220,Khajuraho Temples,24.85326945,79.92090086
221,Ajanta & Ellora Caves,20.534033,75.748283
222,Ajanta & Ellora Caves,20.534033,75.748283
223,Ajanta & Ellora Caves,20.534033,75.748283
224,Ajanta & Ellora Caves,20.534033,75.748283
225,Ajanta & Ellora Caves,20.534033,75.748283
226,Ajanta & Ellora Caves,20.534033,75.748283
227,Ajanta & Ellora Caves,20.534033,75.748283
228,Ajanta & Ellora Caves,20.534033,75.748283
229,Ajanta & Ellora Caves,20.534033,75.748283
230,Ajanta & Ellora Caves,20.534033,75.748283
231,Ajanta & Ellora Caves,20.534033,75.748283
232,Ajanta & Ellora Caves,20.534033,75.748283
233,Ajanta & Ellora Caves,20.534033,75.748283
234,Ajanta & Ellora Caves,20.534033,75.748283
235,Ajanta & Ellora Caves,20.534033,75.748283
236,Ajanta & Ellora Caves,20.534033,75.748283
237,Ajanta & Ellora Caves,20.534033,75.748283
238,Ajanta & Ellora Caves,20.534033,75.748283
239,Ajanta & Ellora Caves,20.534033,75.748283
240,Ajanta & Ellora Caves,20.534033,75.748283
241,Ajanta & Ellora Caves,20.534033,75.748283
241,Amer Fort Jaipur,26.9854753,75.853973
242,Amer Fort Jaipur,26.9854753,75.853973
243,Amer Fort Jaipur,26.9854753,75.853973
244,Amer Fort Jaipur,26.9854753,75.853973
245,Amer Fort Jaipur,26.9854753,75.853973
246,Amer Fort Jaipur,26.9854753,75.853973
247,Amer Fort Jaipur,26.9854753,75.853973
248,Amer Fort Jaipur,26.9854753,75.853973
249,Amer Fort Jaipur,26.9854753,75.853973
250,Amer Fort Jaipur,26.9854753,75.853973
251,Amer Fort Jaipur,26.9854753,75.853973
252,Amer Fort Jaipur,26.9854753,75.853973
253,Amer Fort Jaipur,26.9854753,75.853973
254,Amer Fort Jaipur,26.9854753,75.853973
255,Amer Fort Jaipur,26.9854753,75.853973
256,Amer Fort Jaipur,26.9854753,75.853973
257,Amer Fort Jaipur,26.9854753,75.853973
258,Amer Fort Jaipur,26.9854753,75.853973
259,Amer Fort Jaipur,26.9854753,75.853973
260,Amer Fort Jaipur,26.9854753,75.853973
261,Lotus Temple,28.5535,77.2588
262,Lotus Temple,28.5535,77.2588
263,Lotus Temple,28.5535,77.2588
264,Lotus Temple,28.5535,77.2588
265,Lotus Temple,28.5535,77.2588
266,Lotus Temple,28.5535,77.2588
267,Lotus Temple,28.5535,77.2588
268,Lotus Temple,28.5535,77.2588
269,Lotus Temple,28.5535,77.2588
270,Lotus Temple,28.5535,77.2588
271,Lotus Temple,28.5535,77.2588
272,Lotus Temple,28.5535,77.2588
273,Lotus Temple,28.5535,77.2588
274,Lotus Temple,28.5535,77.2588
275,Lotus Temple,28.5535,77.2588
276,Lotus Temple,28.5535,77.2588
277,Lotus Temple,28.5535,77.2588
278,Lotus Temple,28.5535,77.2588
279,Lotus Temple,28.5535,77.2588
280,Lotus Temple,28.5535,77.2588
281,Basilica of Bom Jesus,15.5009,73.9116
282,Basilica of Bom Jesus,15.5009,73.9116
283,Basilica of Bom Jesus,15.5009,73.9116
284,Basilica of Bom Jesus,15.5009,73.9116
285,Basilica of Bom Jesus,15.5009,73.9116
286,Basilica of Bom Jesus,15.5009,73.9116
287,Basilica of Bom Jesus,15.5009,73.9116
288,Basilica of Bom Jesus,15.5009,73.9116
289,Basilica of Bom Jesus,15.5009,73.9116
290,Basilica of Bom Jesus,15.5009,73.9116
291,Basilica of Bom Jesus,15.5009,73.9116
292,Basilica of Bom Jesus,15.5009,73.9116
293,Basilica of Bom Jesus,15.5009,73.9116
294,Basilica of Bom Jesus,15.5009,73.9116
295,Basilica of Bom Jesus,15.5009,73.9116
296,Basilica of Bom Jesus,15.5009,73.9116
297,Basilica of Bom Jesus,15.5009,73.9116
298,Basilica of Bom Jesus,15.5009,73.9116
299,Basilica of Bom Jesus,15.5009,73.9116
300,Basilica of Bom Jesus,15.5009,73.9116
301,Qutub Minar,28.524413,77.18545014
302,Qutub Minar,28.524413,77.18545014
303,Qutub Minar,28.524413,77.18545014
304,Qutub Minar,28.524413,77.18545014
305,Qutub Minar,28.524413,77.18545014
306,Qutub Minar,28.524413,77.18545014
307,Qutub Minar,28.524413,77.18545014
308,Qutub Minar,28.524413,77.18545014
309,Qutub Minar,28.524413,77.18545014
310,Qutub Minar,28.524413,77.18545014
311,Qutub Minar,28.524413,77.18545014
312,Qutub Minar,28.524413,77.18545014
313,Qutub Minar,28.524413,77.18545014
314,Qutub Minar,28.524413,77.18545014
315,Qutub Minar,28.524413,77.18545014
316,Qutub Minar,28.524413,77.18545014
317,Qutub Minar,28.524413,77.18545014
318,Qutub Minar,28.524413,77.18545014
319,Qutub Minar,28.524413,77.18545014
320,Qutub Minar,28.524413,77.18545014
321,Bara Imambara Lucknow,26.86864485,80.91249604
322,Bara Imambara Lucknow,26.86864485,80.91249604
323,Bara Imambara Lucknow,26.86864485,80.91249604
324,Bara Imambara Lucknow,26.86864485,80.91249604
325,Bara Imambara Lucknow,26.86864485,80.91249604
326,Bara Imambara Lucknow,26.86864485,80.91249604
327,Bara Imambara Lucknow,26.86864485,80.91249604
328,Bara Imambara Lucknow,26.86864485,80.91249604
329,Bara Imambara Lucknow,26.86864485,80.91249604
330,Bara Imambara Lucknow,26.86864485,80.91249604
331,Bara Imambara Lucknow,26.86864485,80.91249604
332,Bara Imambara Lucknow,26.86864485,80.91249604
333,Bara Imambara Lucknow,26.86864485,80.91249604
334,Bara Imambara Lucknow,26.86864485,80.91249604
335,Bara Imambara Lucknow,26.86864485,80.91249604
336,Bara Imambara Lucknow,26.86864485,80.91249604
337,Bara Imambara Lucknow,26.86864485,80.91249604
338,Bara Imambara Lucknow,26.86864485,80.91249604
339,Bara Imambara Lucknow,26.86864485,80.91249604
340,Bara Imambara Lucknow,26.86864485,80.91249604
341,Brihadisvara Temple,10.78257995,79.13138189
342,Brihadisvara Temple,10.78257995,79.13138189
343,Brihadisvara Temple,10.78257995,79.13138189
344,Brihadisvara Temple,10.78257995,79.13138189
345,Brihadisvara Temple,10.78257995,79.13138189
346,Brihadisvara Temple,10.78257995,79.13138189
347,Brihadisvara Temple,10.78257995,79.13138189
348,Brihadisvara Temple,10.78257995,79.13138189
349,Brihadisvara Temple,10.78257995,79.13138189
350,Brihadisvara Temple,10.78257995,79.13138189
351,Brihadisvara Temple,10.78257995,79.13138189
352,Brihadisvara Temple,10.78257995,79.13138189
353,Brihadisvara Temple,10.78257995,79.13138189
354,Brihadisvara Temple,10.78257995,79.13138189
355,Brihadisvara Temple,10.78257995,79.13138189
356,Brihadisvara Temple,10.78257995,79.13138189
357,Brihadisvara Temple,10.78257995,79.13138189
358,Brihadisvara Temple,10.78257995,79.13138189
359,Brihadisvara Temple,10.78257995,79.13138189
360,Brihadisvara Temple,10.78257995,79.13138189
361,Dilwara Temples,24.6094,72.723
362,Dilwara Temples,24.6094,72.723
363,Dilwara Temples,24.6094,72.723
364,Dilwara Temples,24.6094,72.723
365,Dilwara Temples,24.6094,72.723
366,Dilwara Temples,24.6094,72.723
367,Dilwara Temples,24.6094,72.723
368,Dilwara Temples,24.6094,72.723
369,Dilwara Temples,24.6094,72.723
370,Dilwara Temples,24.6094,72.723
371,Dilwara Temples,24.6094,72.723
372,Dilwara Temples,24.6094,72.723
373,Dilwara Temples,24.6094,72.723
374,Dilwara Temples,24.6094,72.723
375,Dilwara Temples,24.6094,72.723
376,Dilwara Temples,24.6094,72.723
377,Dilwara Temples,24.6094,72.723
378,Dilwara Temples,24.6094,72.723
379,Dilwara Temples,24.6094,72.723
380,Dilwara Temples,24.6094,72.723
381,Sanchi Stupa,23.4806919,77.73629684
382,Sanchi Stupa,23.4806919,77.73629684
383,Sanchi Stupa,23.4806919,77.73629684
384,Sanchi Stupa,23.4806919,77.73629684
385,Sanchi Stupa,23.4806919,77.73629684
386,Sanchi Stupa,23.4806919,77.73629684
387,Sanchi Stupa,23.4806919,77.73629684
388,Sanchi Stupa,23.4806919,77.73629684
389,Sanchi Stupa,23.4806919,77.73629684
390,Sanchi Stupa,23.4806919,77.73629684
391,Sanchi Stupa,23.4806919,77.73629684
392,Sanchi Stupa,23.4806919,77.73629684
393,Sanchi Stupa,23.4806919,77.73629684
394,Sanchi Stupa,23.4806919,77.73629684
395,Sanchi Stupa,23.4806919,77.73629684
396,Sanchi Stupa,23.4806919,77.73629684
397,Sanchi Stupa,23.4806919,77.73629684
398,Sanchi Stupa,23.4806919,77.73629684
399,Sanchi Stupa,23.4806919,77.73629684
400,Sanchi Stupa,23.4806919,77.73629684
401,Elephanta Caves,18.9627231,72.9316981
402,Elephanta Caves,18.9627231,72.9316981
403,Elephanta Caves,18.9627231,72.9316981
404,Elephanta Caves,18.9627231,72.9316981
405,Elephanta Caves,18.9627231,72.9316981
406,Elephanta Caves,18.9627231,72.9316981
407,Elephanta Caves,18.9627231,72.9316981
408,Elephanta Caves,18.9627231,72.9316981
409,Elephanta Caves,18.9627231,72.9316981
410,Elephanta Caves,18.9627231,72.9316981
411,Elephanta Caves,18.9627231,72.9316981
412,Elephanta Caves,18.9627231,72.9316981
413,Elephanta Caves,18.9627231,72.9316981
414,Elephanta Caves,18.9627231,72.9316981
415,Elephanta Caves,18.9627231,72.9316981
416,Elephanta Caves,18.9627231,72.9316981
417,Elephanta Caves,18.9627231,72.9316981
418,Elephanta Caves,18.9627231,72.9316981
419,Elephanta Caves,18.9627231,72.9316981
420,Elephanta Caves,18.9627231,72.9316981
421,Fatehpur Sikri,27.0911655,77.6623984
422,Fatehpur Sikri,27.0911655,77.6623984
423,Fatehpur Sikri,27.0911655,77.6623984
424,Fatehpur Sikri,27.0911655,77.6623984
425,Fatehpur Sikri,27.0911655,77.6623984
426,Fatehpur Sikri,27.0911655,77.6623984
427,Fatehpur Sikri,27.0911655,77.6623984
428,Fatehpur Sikri,27.0911655,77.6623984
429,Fatehpur Sikri,27.0911655,77.6623984
430,Fatehpur Sikri,27.0911655,77.6623984
431,Fatehpur Sikri,27.0911655,77.6623984
432,Fatehpur Sikri,27.0911655,77.6623984
433,Fatehpur Sikri,27.0911655,77.6623984
434,Fatehpur Sikri,27.0911655,77.6623984
435,Fatehpur Sikri,27.0911655,77.6623984
436,Fatehpur Sikri,27.0911655,77.6623984
437,Fatehpur Sikri,27.0911655,77.6623984
438,Fatehpur Sikri,27.0911655,77.6623984
439,Fatehpur Sikri,27.0911655,77.6623984
440,Fatehpur Sikri,27.0911655,77.6623984
441,Gingee Fort Villupuram,12.2524,79.4258
442,Gingee Fort Villupuram,12.2524,79.4258
443,Gingee Fort Villupuram,12.2524,79.4258
444,Gingee Fort Villupuram,12.2524,79.4258
445,Gingee Fort Villupuram,12.2524,79.4258
446,Gingee Fort Villupuram,12.2524,79.4258
447,Gingee Fort Villupuram,12.2524,79.4258
448,Gingee Fort Villupuram,12.2524,79.4258
449,Gingee Fort Villupuram,12.2524,79.4258
450,Gingee Fort Villupuram,12.2524,79.4258
451,Gingee Fort Villupuram,12.2524,79.4258
452,Gingee Fort Villupuram,12.2524,79.4258
453,Gingee Fort Villupuram,12.2524,79.4258
454,Gingee Fort Villupuram,12.2524,79.4258
455,Gingee Fort Villupuram,12.2524,79.4258
456,Gingee Fort Villupuram,12.2524,79.4258
457,Gingee Fort Villupuram,12.2524,79.4258
458,Gingee Fort Villupuram,12.2524,79.4258
459,Gingee Fort Villupuram,12.2524,79.4258
460,Gingee Fort Villupuram,12.2524,79.4258
461,Golconda Fort Hyderabad,17.3833665,78.4010991
462,Golconda Fort Hyderabad,17.3833665,78.4010991
463,Golconda Fort Hyderabad,17.3833665,78.4010991
464,Golconda Fort Hyderabad,17.3833665,78.4010991
465,Golconda Fort Hyderabad,17.3833665,78.4010991
466,Golconda Fort Hyderabad,17.3833665,78.4010991
467,Golconda Fort Hyderabad,17.3833665,78.4010991
468,Golconda Fort Hyderabad,17.3833665,78.4010991
469,Golconda Fort Hyderabad,17.3833665,78.4010991
470,Golconda Fort Hyderabad,17.3833665,78.4010991
471,Golconda Fort Hyderabad,17.3833665,78.4010991
472,Golconda Fort Hyderabad,17.3833665,78.4010991
473,Golconda Fort Hyderabad,17.3833665,78.4010991
474,Golconda Fort Hyderabad,17.3833665,78.4010991
475,Golconda Fort Hyderabad,17.3833665,78.4010991
476,Golconda Fort Hyderabad,17.3833665,78.4010991
477,Golconda Fort Hyderabad,17.3833665,78.4010991
478,Golconda Fort Hyderabad,17.3833665,78.4010991
479,Golconda Fort Hyderabad,17.3833665,78.4010991
480,Golconda Fort Hyderabad,17.3833665,78.4010991
481,Mahabodhi Temple ,24.69593025,84.99139028
482,Mahabodhi Temple ,24.69593025,84.99139028
483,Mahabodhi Temple ,24.69593025,84.99139028
484,Mahabodhi Temple ,24.69593025,84.99139028
485,Mahabodhi Temple ,24.69593025,84.99139028
486,Mahabodhi Temple ,24.69593025,84.99139028
487,Mahabodhi Temple ,24.69593025,84.99139028
488,Mahabodhi Temple ,24.69593025,84.99139028
489,Mahabodhi Temple ,24.69593025,84.99139028
490,Mahabodhi Temple ,24.69593025,84.99139028
491,Mahabodhi Temple ,24.69593025,84.99139028
492,Mahabodhi Temple ,24.69593025,84.99139028
493,Mahabodhi Temple ,24.69593025,84.99139028
494,Mahabodhi Temple ,24.69593025,84.99139028
495,Mahabodhi Temple ,24.69593025,84.99139028
496,Mahabodhi Temple ,24.69593025,84.99139028
497,Mahabodhi Temple ,24.69593025,84.99139028
498,Mahabodhi Temple ,24.69593025,84.99139028
499,Mahabodhi Temple ,24.69593025,84.99139028
500,Mahabodhi Temple ,24.69593025,84.99139028
501,Nalanda,25.1364914,85.44365465
502,Nalanda,25.1364914,85.44365465
503,Nalanda,25.1364914,85.44365465
504,Nalanda,25.1364914,85.44365465
505,Nalanda,25.1364914,85.44365465
506,Nalanda,25.1364914,85.44365465
507,Nalanda,25.1364914,85.44365465
508,Nalanda,25.1364914,85.44365465
509,Nalanda,25.1364914,85.44365465
510,Nalanda,25.1364914,85.44365465
511,Nalanda,25.1364914,85.44365465
512,Nalanda,25.1364914,85.44365465
513,Nalanda,25.1364914,85.44365465
514,Nalanda,25.1364914,85.44365465
515,Nalanda,25.1364914,85.44365465
516,Nalanda,25.1364914,85.44365465
517,Nalanda,25.1364914,85.44365465
518,Nalanda,25.1364914,85.44365465
519,Nalanda,25.1364914,85.44365465
520,Nalanda,25.1364914,85.44365465
521,Red Fort,28.65608095,77.24079592
522,Red Fort,28.65608095,77.24079592
523,Red Fort,28.65608095,77.24079592
524,Red Fort,28.65608095,77.24079592
525,Red Fort,28.65608095,77.24079592
526,Red Fort,28.65608095,77.24079592
527,Red Fort,28.65608095,77.24079592
528,Red Fort,28.65608095,77.24079592
529,Red Fort,28.65608095,77.24079592
530,Red Fort,28.65608095,77.24079592
531,Red Fort,28.65608095,77.24079592
532,Red Fort,28.65608095,77.24079592
533,Red Fort,28.65608095,77.24079592
534,Red Fort,28.65608095,77.24079592
535,Red Fort,28.65608095,77.24079592
536,Red Fort,28.65608095,77.24079592
537,Red Fort,28.65608095,77.24079592
538,Red Fort,28.65608095,77.24079592
539,Red Fort,28.65608095,77.24079592
540,Red Fort,28.65608095,77.24079592
541,Sikandra Agra,27.21273,77.9501491
542,Sikandra Agra,27.21273,77.9501491
543,Sikandra Agra,27.21273,77.9501491
544,Sikandra Agra,27.21273,77.9501491
545,Sikandra Agra,27.21273,77.9501491
546,Sikandra Agra,27.21273,77.9501491
547,Sikandra Agra,27.21273,77.9501491
548,Sikandra Agra,27.21273,77.9501491
549,Sikandra Agra,27.21273,77.9501491
550,Sikandra Agra,27.21273,77.9501491
551,Sikandra Agra,27.21273,77.9501491
552,Sikandra Agra,27.21273,77.9501491
553,Sikandra Agra,27.21273,77.9501491
554,Sikandra Agra,27.21273,77.9501491
555,Sikandra Agra,27.21273,77.9501491
556,Sikandra Agra,27.21273,77.9501491
557,Sikandra Agra,27.21273,77.9501491
558,Sikandra Agra,27.21273,77.9501491
559,Sikandra Agra,27.21273,77.9501491
560,Sikandra Agra,27.21273,77.9501491
561,Mehrangarh Fort Jodhpur ,26.2995407,73.0195132
562,Mehrangarh Fort Jodhpur ,26.2995407,73.0195132
563,Mehrangarh Fort Jodhpur ,26.2995407,73.0195132
564,Mehrangarh Fort Jodhpur ,26.2995407,73.0195132
565,Mehrangarh Fort Jodhpur ,26.2995407,73.0195132
566,Mehrangarh Fort Jodhpur ,26.2995407,73.0195132
567,Mehrangarh Fort Jodhpur ,26.2995407,73.0195132
568,Mehrangarh Fort Jodhpur ,26.2995407,73.0195132
569,Mehrangarh Fort Jodhpur ,26.2995407,73.0195132
570,Mehrangarh Fort Jodhpur ,26.2995407,73.0195132
571,Mehrangarh Fort Jodhpur ,26.2995407,73.0195132
572,Mehrangarh Fort Jodhpur ,26.2995407,73.0195132
573,Mehrangarh Fort Jodhpur ,26.2995407,73.0195132
574,Mehrangarh Fort Jodhpur ,26.2995407,73.0195132
575,Mehrangarh Fort Jodhpur ,26.2995407,73.0195132
576,Mehrangarh Fort Jodhpur ,26.2995407,73.0195132
577,Mehrangarh Fort Jodhpur ,26.2995407,73.0195132
578,Mehrangarh Fort Jodhpur ,26.2995407,73.0195132
579,Mehrangarh Fort Jodhpur ,26.2995407,73.0195132
580,Mehrangarh Fort Jodhpur ,26.2995407,73.0195132
581,Purana Qila,28.6091959,77.24411112
582,Purana Qila,28.6091959,77.24411112
583,Purana Qila,28.6091959,77.24411112
584,Purana Qila,28.6091959,77.24411112
585,Purana Qila,28.6091959,77.24411112
586,Purana Qila,28.6091959,77.24411112
587,Purana Qila,28.6091959,77.24411112
588,Purana Qila,28.6091959,77.24411112
589,Purana Qila,28.6091959,77.24411112
590,Purana Qila,28.6091959,77.24411112
591,Purana Qila,28.6091959,77.24411112
592,Purana Qila,28.6091959,77.24411112
593,Purana Qila,28.6091959,77.24411112
594,Purana Qila,28.6091959,77.24411112
595,Purana Qila,28.6091959,77.24411112
596,Purana Qila,28.6091959,77.24411112
597,Purana Qila,28.6091959,77.24411112
598,Purana Qila,28.6091959,77.24411112
599,Purana Qila,28.6091959,77.24411112
600,Purana Qila,28.6091959,77.24411112
601,Bhimbetka,22.9384007,77.6133286
602,Bhimbetka,22.9384007,77.6133286
603,Bhimbetka,22.9384007,77.6133286
604,Bhimbetka,22.9384007,77.6133286
605,Bhimbetka,22.9384007,77.6133286
606,Bhimbetka,22.9384007,77.6133286
607,Bhimbetka,22.9384007,77.6133286
608,Bhimbetka,22.9384007,77.6133286
609,Bhimbetka,22.9384007,77.6133286
610,Bhimbetka,22.9384007,77.6133286
611,Bhimbetka,22.9384007,77.6133286
612,Bhimbetka,22.9384007,77.6133286
613,Bhimbetka,22.9384007,77.6133286
614,Bhimbetka,22.9384007,77.6133286
615,Bhimbetka,22.9384007,77.6133286
616,Bhimbetka,22.9384007,77.6133286
617,Bhimbetka,22.9384007,77.6133286
618,Bhimbetka,22.9384007,77.6133286
619,Bhimbetka,22.9384007,77.6133286
620,Bhimbetka,22.9384007,77.6133286
621,Shivaji Terminus,16.7027362,74.2376798
622,Shivaji Terminus,16.7027362,74.2376798
623,Shivaji Terminus,16.7027362,74.2376798
624,Shivaji Terminus,16.7027362,74.2376798
625,Shivaji Terminus,16.7027362,74.2376798
626,Shivaji Terminus,16.7027362,74.2376798
627,Shivaji Terminus,16.7027362,74.2376798
628,Shivaji Terminus,16.7027362,74.2376798
629,Shivaji Terminus,16.7027362,74.2376798
630,Shivaji Terminus,16.7027362,74.2376798
631,Shivaji Terminus,16.7027362,74.2376798
632,Shivaji Terminus,16.7027362,74.2376798
633,Shivaji Terminus,16.7027362,74.2376798
634,Shivaji Terminus,16.7027362,74.2376798
635,Shivaji Terminus,16.7027362,74.2376798
636,Shivaji Terminus,16.7027362,74.2376798
637,Shivaji Terminus,16.7027362,74.2376798
638,Shivaji Terminus,16.7027362,74.2376798
639,Shivaji Terminus,16.7027362,74.2376798
640,Shivaji Terminus,16.7027362,74.2376798
641,Mysore Palace,12.30521965,76.65538463
642,Mysore Palace,12.30521965,76.65538463
643,Mysore Palace,12.30521965,76.65538463
644,Mysore Palace,12.30521965,76.65538463
645,Mysore Palace,12.30521965,76.65538463
646,Mysore Palace,12.30521965,76.65538463
647,Mysore Palace,12.30521965,76.65538463
648,Mysore Palace,12.30521965,76.65538463
649,Mysore Palace,12.30521965,76.65538463
650,Mysore Palace,12.30521965,76.65538463
651,Mysore Palace,12.30521965,76.65538463
652,Mysore Palace,12.30521965,76.65538463
653,Mysore Palace,12.30521965,76.65538463
654,Mysore Palace,12.30521965,76.65538463
655,Mysore Palace,12.30521965,76.65538463
656,Mysore Palace,12.30521965,76.65538463
657,Mysore Palace,12.30521965,76.65538463
658,Mysore Palace,12.30521965,76.65538463
659,Mysore Palace,12.30521965,76.65538463
660,Mysore Palace,12.30521965,76.65538463
661,Rashtrapati Bhawan,28.6143,77.1994
662,Rashtrapati Bhawan,28.6143,77.1994
663,Rashtrapati Bhawan,28.6143,77.1994
664,Rashtrapati Bhawan,28.6143,77.1994
665,Rashtrapati Bhawan,28.6143,77.1994
666,Rashtrapati Bhawan,28.6143,77.1994
667,Rashtrapati Bhawan,28.6143,77.1994
668,Rashtrapati Bhawan,28.6143,77.1994
669,Rashtrapati Bhawan,28.6143,77.1994
670,Rashtrapati Bhawan,28.6143,77.1994
671,Rashtrapati Bhawan,28.6143,77.1994
672,Rashtrapati Bhawan,28.6143,77.1994
673,Rashtrapati Bhawan,28.6143,77.1994
674,Rashtrapati Bhawan,28.6143,77.1994
675,Rashtrapati Bhawan,28.6143,77.1994
676,Rashtrapati Bhawan,28.6143,77.1994
677,Rashtrapati Bhawan,28.6143,77.1994
678,Rashtrapati Bhawan,28.6143,77.1994
679,Rashtrapati Bhawan,28.6143,77.1994
680,Rashtrapati Bhawan,28.6143,77.1994
681,Se Cathedral Goa,15.50378315,73.91227414
682,Se Cathedral Goa,15.50378315,73.91227414
683,Se Cathedral Goa,15.50378315,73.91227414
684,Se Cathedral Goa,15.50378315,73.91227414
685,Se Cathedral Goa,15.50378315,73.91227414
686,Se Cathedral Goa,15.50378315,73.91227414
687,Se Cathedral Goa,15.50378315,73.91227414
688,Se Cathedral Goa,15.50378315,73.91227414
689,Se Cathedral Goa,15.50378315,73.91227414
690,Se Cathedral Goa,15.50378315,73.91227414
691,Se Cathedral Goa,15.50378315,73.91227414
692,Se Cathedral Goa,15.50378315,73.91227414
693,Se Cathedral Goa,15.50378315,73.91227414
694,Se Cathedral Goa,15.50378315,73.91227414
695,Se Cathedral Goa,15.50378315,73.91227414
696,Se Cathedral Goa,15.50378315,73.91227414
697,Se Cathedral Goa,15.50378315,73.91227414
698,Se Cathedral Goa,15.50378315,73.91227414
699,Se Cathedral Goa,15.50378315,73.91227414
700,Se Cathedral Goa,15.50378315,73.91227414
701,Sun Temple Konark,19.8875639,86.09448945
702,Sun Temple Konark,19.8875639,86.09448945
703,Sun Temple Konark,19.8875639,86.09448945
704,Sun Temple Konark,19.8875639,86.09448945
705,Sun Temple Konark,19.8875639,86.09448945
706,Sun Temple Konark,19.8875639,86.09448945
707,Sun Temple Konark,19.8875639,86.09448945
708,Sun Temple Konark,19.8875639,86.09448945
709,Sun Temple Konark,19.8875639,86.09448945
710,Sun Temple Konark,19.8875639,86.09448945
711,Sun Temple Konark,19.8875639,86.09448945
712,Sun Temple Konark,19.8875639,86.09448945
713,Sun Temple Konark,19.8875639,86.09448945
714,Sun Temple Konark,19.8875639,86.09448945
715,Sun Temple Konark,19.8875639,86.09448945
716,Sun Temple Konark,19.8875639,86.09448945
717,Sun Temple Konark,19.8875639,86.09448945
718,Sun Temple Konark,19.8875639,86.09448945
719,Sun Temple Konark,19.8875639,86.09448945
720,Sun Temple Konark,19.8875639,86.09448945
721,Hampi-Stone Chariot,15.3423,76.4758
722,Hampi-Stone Chariot,15.3423,76.4758
723,Hampi-Stone Chariot,15.3423,76.4758
724,Hampi-Stone Chariot,15.3423,76.4758
725,Hampi-Stone Chariot,15.3423,76.4758
726,Hampi-Stone Chariot,15.3423,76.4758
727,Hampi-Stone Chariot,15.3423,76.4758
728,Hampi-Stone Chariot,15.3423,76.4758
729,Hampi-Stone Chariot,15.3423,76.4758
730,Hampi-Stone Chariot,15.3423,76.4758
731,Hampi-Stone Chariot,15.3423,76.4758
732,Hampi-Stone Chariot,15.3423,76.4758
733,Hampi-Stone Chariot,15.3423,76.4758
734,Hampi-Stone Chariot,15.3423,76.4758
735,Hampi-Stone Chariot,15.3423,76.4758
736,Hampi-Stone Chariot,15.3423,76.4758
737,Hampi-Stone Chariot,15.3423,76.4758
738,Hampi-Stone Chariot,15.3423,76.4758
739,Hampi-Stone Chariot,15.3423,76.4758
740,Hampi-Stone Chariot,15.3423,76.4758
741,Gwalior Fort,26.2313,78.1695
742,Gwalior Fort,26.2313,78.1695
743,Gwalior Fort,26.2313,78.1695
744,Gwalior Fort,26.2313,78.1695
745,Gwalior Fort,26.2313,78.1695
746,Gwalior Fort,26.2313,78.1695
747,Gwalior Fort,26.2313,78.1695
748,Gwalior Fort,26.2313,78.1695
749,Gwalior Fort,26.2313,78.1695
750,Gwalior Fort,26.2313,78.1695
751,Gwalior Fort,26.2313,78.1695
752,Gwalior Fort,26.2313,78.1695
753,Gwalior Fort,26.2313,78.1695
754,Gwalior Fort,26.2313,78.1695
755,Gwalior Fort,26.2313,78.1695
756,Gwalior Fort,26.2313,78.1695
757,Gwalior Fort,26.2313,78.1695
758,Gwalior Fort,26.2313,78.1695
759,Gwalior Fort,26.2313,78.1695
760,Gwalior Fort,26.2313,78.1695
761,Pattadakal,15.9488,75.8164
762,Pattadakal,15.9488,75.8164
763,Pattadakal,15.9488,75.8164
764,Pattadakal,15.9488,75.8164
765,Pattadakal,15.9488,75.8164
766,Pattadakal,15.9488,75.8164
767,Pattadakal,15.9488,75.8164
768,Pattadakal,15.9488,75.8164
769,Pattadakal,15.9488,75.8164
770,Pattadakal,15.9488,75.8164
771,Pattadakal,15.9488,75.8164
772,Pattadakal,15.9488,75.8164
773,Pattadakal,15.9488,75.8164
774,Pattadakal,15.9488,75.8164
775,Pattadakal,15.9488,75.8164
776,Pattadakal,15.9488,75.8164
777,Pattadakal,15.9488,75.8164
778,Pattadakal,15.9488,75.8164
779,Pattadakal,15.9488,75.8164
780,Pattadakal,15.9488,75.8164
781,Mahabalipuram ,12.6208,80.1945
782,Mahabalipuram ,12.6208,80.1945
783,Mahabalipuram ,12.6208,80.1945
784,Mahabalipuram ,12.6208,80.1945
785,Mahabalipuram ,12.6208,80.1945
786,Mahabalipuram ,12.6208,80.1945
787,Mahabalipuram ,12.6208,80.1945
788,Mahabalipuram ,12.6208,80.1945
789,Mahabalipuram ,12.6208,80.1945
790,Mahabalipuram ,12.6208,80.1945
791,Mahabalipuram ,12.6208,80.1945
792,Mahabalipuram ,12.6208,80.1945
793,Mahabalipuram ,12.6208,80.1945
794,Mahabalipuram ,12.6208,80.1945
795,Mahabalipuram ,12.6208,80.1945
796,Mahabalipuram ,12.6208,80.1945
797,Mahabalipuram ,12.6208,80.1945
798,Mahabalipuram ,12.6208,80.1945
799,Mahabalipuram ,12.6208,80.1945
800,Mahabalipuram ,12.6208,80.1945
801,Hill Palace Museum,9.9526,76.3619
802,Hill Palace Museum,9.9526,76.3619
803,Hill Palace Museum,9.9526,76.3619
804,Hill Palace Museum,9.9526,76.3619
805,Hill Palace Museum,9.9526,76.3619
806,Hill Palace Museum,9.9526,76.3619
807,Hill Palace Museum,9.9526,76.3619
808,Hill Palace Museum,9.9526,76.3619
809,Hill Palace Museum,9.9526,76.3619
810,Hill Palace Museum,9.9526,76.3619
811,Hill Palace Museum,9.9526,76.3619
812,Hill Palace Museum,9.9526,76.3619
813,Hill Palace Museum,9.9526,76.3619
814,Hill Palace Museum,9.9526,76.3619
815,Hill Palace Museum,9.9526,76.3619
816,Hill Palace Museum,9.9526,76.3619
817,Hill Palace Museum,9.9526,76.3619
818,Hill Palace Museum,9.9526,76.3619
819,Hill Palace Museum,9.9526,76.3619
820,Hill Palace Museum,9.9526,76.3619
821,Jaisalmer Fort,26.9125,70.9126
822,Jaisalmer Fort,26.9125,70.9126
823,Jaisalmer Fort,26.9125,70.9126
824,Jaisalmer Fort,26.9125,70.9126
825,Jaisalmer Fort,26.9125,70.9126
826,Jaisalmer Fort,26.9125,70.9126
827,Jaisalmer Fort,26.9125,70.9126
828,Jaisalmer Fort,26.9125,70.9126
829,Jaisalmer Fort,26.9125,70.9126
830,Jaisalmer Fort,26.9125,70.9126
831,Jaisalmer Fort,26.9125,70.9126
832,Jaisalmer Fort,26.9125,70.9126
833,Jaisalmer Fort,26.9125,70.9126
834,Jaisalmer Fort,26.9125,70.9126
835,Jaisalmer Fort,26.9125,70.9126
836,Jaisalmer Fort,26.9125,70.9126
837,Jaisalmer Fort,26.9125,70.9126
838,Jaisalmer Fort,26.9125,70.9126
839,Jaisalmer Fort,26.9125,70.9126
840,Jaisalmer Fort,26.9125,70.9126
841,Jama Masjid Delhi ,28.6507,77.2334
842,Jama Masjid Delhi ,28.6507,77.2334
843,Jama Masjid Delhi ,28.6507,77.2334
844,Jama Masjid Delhi ,28.6507,77.2334
845,Jama Masjid Delhi ,28.6507,77.2334
846,Jama Masjid Delhi ,28.6507,77.2334
847,Jama Masjid Delhi ,28.6507,77.2334
848,Jama Masjid Delhi ,28.6507,77.2334
849,Jama Masjid Delhi ,28.6507,77.2334
850,Jama Masjid Delhi ,28.6507,77.2334
851,Jama Masjid Delhi ,28.6507,77.2334
852,Jama Masjid Delhi ,28.6507,77.2334
853,Jama Masjid Delhi ,28.6507,77.2334
854,Jama Masjid Delhi ,28.6507,77.2334
855,Jama Masjid Delhi ,28.6507,77.2334
856,Jama Masjid Delhi ,28.6507,77.2334
857,Jama Masjid Delhi ,28.6507,77.2334
858,Jama Masjid Delhi ,28.6507,77.2334
859,Jama Masjid Delhi ,28.6507,77.2334
860,Jama Masjid Delhi ,28.6507,77.2334
861,Jantar Mantar Jaipur,26.9248,75.8246
862,Jantar Mantar Jaipur,26.9248,75.8246
863,Jantar Mantar Jaipur,26.9248,75.8246
864,Jantar Mantar Jaipur,26.9248,75.8246
865,Jantar Mantar Jaipur,26.9248,75.8246
866,Jantar Mantar Jaipur,26.9248,75.8246
867,Jantar Mantar Jaipur,26.9248,75.8246
868,Jantar Mantar Jaipur,26.9248,75.8246
869,Jantar Mantar Jaipur,26.9248,75.8246
870,Jantar Mantar Jaipur,26.9248,75.8246
871,Jantar Mantar Jaipur,26.9248,75.8246
872,Jantar Mantar Jaipur,26.9248,75.8246
873,Jantar Mantar Jaipur,26.9248,75.8246
874,Jantar Mantar Jaipur,26.9248,75.8246
875,Jantar Mantar Jaipur,26.9248,75.8246
876,Jantar Mantar Jaipur,26.9248,75.8246
877,Jantar Mantar Jaipur,26.9248,75.8246
878,Jantar Mantar Jaipur,26.9248,75.8246
879,Jantar Mantar Jaipur,26.9248,75.8246
880,Jantar Mantar Jaipur,26.9248,75.8246
881,Kamakhya Temple,26.1664,91.7052
882,Kamakhya Temple,26.1664,91.7052
883,Kamakhya Temple,26.1664,91.7052
884,Kamakhya Temple,26.1664,91.7052
885,Kamakhya Temple,26.1664,91.7052
886,Kamakhya Temple,26.1664,91.7052
887,Kamakhya Temple,26.1664,91.7052
888,Kamakhya Temple,26.1664,91.7052
889,Kamakhya Temple,26.1664,91.7052
890,Kamakhya Temple,26.1664,91.7052
891,Kamakhya Temple,26.1664,91.7052
892,Kamakhya Temple,26.1664,91.7052
893,Kamakhya Temple,26.1664,91.7052
894,Kamakhya Temple,26.1664,91.7052
895,Kamakhya Temple,26.1664,91.7052
896,Kamakhya Temple,26.1664,91.7052
897,Kamakhya Temple,26.1664,91.7052
898,Kamakhya Temple,26.1664,91.7052
899,Kamakhya Temple,26.1664,91.7052
900,Kamakhya Temple,26.1664,91.7052
901,Kashi Vishwanath ,25.3109,83.0107
902,Kashi Vishwanath ,25.3109,83.0107
903,Kashi Vishwanath ,25.3109,83.0107
904,Kashi Vishwanath ,25.3109,83.0107
905,Kashi Vishwanath ,25.3109,83.0107
906,Kashi Vishwanath ,25.3109,83.0107
907,Kashi Vishwanath ,25.3109,83.0107
908,Kashi Vishwanath ,25.3109,83.0107
909,Kashi Vishwanath ,25.3109,83.0107
910,Kashi Vishwanath ,25.3109,83.0107
911,Kashi Vishwanath ,25.3109,83.0107
912,Kashi Vishwanath ,25.3109,83.0107
913,Kashi Vishwanath ,25.3109,83.0107
914,Kashi Vishwanath ,25.3109,83.0107
915,Kashi Vishwanath ,25.3109,83.0107
916,Kashi Vishwanath ,25.3109,83.0107
917,Kashi Vishwanath ,25.3109,83.0107
918,Kashi Vishwanath ,25.3109,83.0107
919,Kashi Vishwanath ,25.3109,83.0107
920,Kashi Vishwanath ,25.3109,83.0107
921,Key Monastery Spiti Valley,32.2978,78.0119
922,Key Monastery Spiti Valley,32.2978,78.0119
923,Key Monastery Spiti Valley,32.2978,78.0119
924,Key Monastery Spiti Valley,32.2978,78.0119
925,Key Monastery Spiti Valley,32.2978,78.0119
926,Key Monastery Spiti Valley,32.2978,78.0119
927,Key Monastery Spiti Valley,32.2978,78.0119
928,Key Monastery Spiti Valley,32.2978,78.0119
929,Key Monastery Spiti Valley,32.2978,78.0119
930,Key Monastery Spiti Valley,32.2978,78.0119
931,Key Monastery Spiti Valley,32.2978,78.0119
932,Key Monastery Spiti Valley,32.2978,78.0119
933,Key Monastery Spiti Valley,32.2978,78.0119
934,Key Monastery Spiti Valley,32.2978,78.0119
935,Key Monastery Spiti Valley,32.2978,78.0119
936,Key Monastery Spiti Valley,32.2978,78.0119
937,Key Monastery Spiti Valley,32.2978,78.0119
938,Key Monastery Spiti Valley,32.2978,78.0119
939,Key Monastery Spiti Valley,32.2978,78.0119
940,Key Monastery Spiti Valley,32.2978,78.0119
941,Humayun’s Tomb,28.5933,77.2507
942,Humayun’s Tomb,28.5933,77.2507
943,Humayun’s Tomb,28.5933,77.2507
944,Humayun’s Tomb,28.5933,77.2507
945,Humayun’s Tomb,28.5933,77.2507
946,Humayun’s Tomb,28.5933,77.2507
947,Humayun’s Tomb,28.5933,77.2507
948,Humayun’s Tomb,28.5933,77.2507
949,Humayun’s Tomb,28.5933,77.2507
950,Humayun’s Tomb,28.5933,77.2507
951,Humayun’s Tomb,28.5933,77.2507
952,Humayun’s Tomb,28.5933,77.2507
953,Humayun’s Tomb,28.5933,77.2507
954,Humayun’s Tomb,28.5933,77.2507
955,Humayun’s Tomb,28.5933,77.2507
956,Humayun’s Tomb,28.5933,77.2507
957,Humayun’s Tomb,28.5933,77.2507
958,Humayun’s Tomb,28.5933,77.2507
959,Humayun’s Tomb,28.5933,77.2507
960,Humayun’s Tomb,28.5933,77.2507
